{"cameraMode":{"drawMode":0,"name":"Shaded","section":"Shading Mode"},"sceneLighting":true,"audioPlay":false,"sceneViewState":{"showFog":true,"showMaterialUpdate":true,"showSkybox":true,"showFlares":true,"showImageEffects":true,"showParticleSystems":true},"in2DMode":false,"pivot":{"x":-10.00876235961914,"y":-14.901453018188477,"z":13.877281188964844},"rotation":{"x":0.3240910768508911,"y":-0.5778000950813294,"z":0.2676660418510437,"w":0.6996287703514099},"size":18.297372817993165,"orthographic":false}