{"cameraMode":{"drawMode":0,"name":"Shaded","section":"Shading Mode"},"sceneLighting":false,"audioPlay":false,"sceneViewState":{"showFog":true,"showMaterialUpdate":true,"showSkybox":false,"showFlares":true,"showImageEffects":true,"showParticleSystems":true},"in2DMode":false,"pivot":{"x":4.517819404602051,"y":-0.26666367053985598,"z":12.723858833312989},"rotation":{"x":0.2721184492111206,"y":-0.656185507774353,"z":0.2757396697998047,"w":0.6475740075111389},"size":1.333012580871582,"orthographic":false}