{"cameraMode":{"drawMode":0,"name":"Shaded","section":"Shading Mode"},"sceneLighting":true,"audioPlay":false,"sceneViewState":{"showFog":true,"showMaterialUpdate":true,"showSkybox":true,"showFlares":true,"showImageEffects":true,"showParticleSystems":true},"in2DMode":false,"pivot":{"x":-6.435787200927734,"y":-17.32951545715332,"z":17.287879943847658},"rotation":{"x":0.3240910768508911,"y":-0.5778000950813294,"z":0.2676660418510437,"w":0.6996287703514099},"size":19.444589614868165,"orthographic":false}