{"cameraMode":{"drawMode":0,"name":"Shaded","section":"Shading Mode"},"sceneLighting":false,"audioPlay":false,"sceneViewState":{"showFog":true,"showMaterialUpdate":true,"showSkybox":false,"showFlares":true,"showImageEffects":true,"showParticleSystems":true},"in2DMode":false,"pivot":{"x":1.0,"y":0.34944111108779909,"z":-1.4901161193847657e-8},"rotation":{"x":0.2151964157819748,"y":0.30177363753318789,"z":-0.07012063264846802,"w":0.9261279106140137},"size":2.015422821044922,"orthographic":false}